udi,product_id,type,air_temperature_k,process_temperature_k,rotational_speed_rpm,torque_nm,tool_wear_min,machine_failure
2829,M17688,M,300.4,309.4,1875,23.9,155,0
8255,M23114,M,299.0,310.4,1625,37.1,131,0
3403,L50582,L,301.4,310.6,1347,53.3,104,0
1741,M16600,M,298.5,307.9,1640,33.1,146,0
5143,L52322,L,304.4,313.6,1568,39.1,0,0
8725,M23584,M,297.2,308.6,1513,39.0,78,0
7058,L54237,L,300.8,310.6,1666,36.2,144,0
9200,L56379,L,297.9,308.8,1613,31.4,57,0
2552,L49731,L,299.3,309.2,1541,37.2,118,0
2318,L49497,L,299.2,308.8,1605,31.1,181,0
9414,L56593,L,298.1,308.6,1439,44.9,205,0
802,L47981,L,296.9,307.8,1285,52.1,100,0
4772,M19631,M,303.6,311.9,1617,36.0,95,0
3673,L50852,L,302.3,311.6,1658,32.3,150,0
735,H30148,H,297.0,308.4,1305,54.6,168,0
5598,L52777,L,302.7,312.0,1501,37.0,77,0
7216,L54395,L,299.9,309.8,1477,47.7,112,0
3848,M18707,M,302.3,311.0,1450,45.7,175,0
4919,L52098,L,303.3,312.2,1457,40.7,48,0
1489,L48668,L,298.2,309.1,1568,36.3,166,0
1975,L49154,L,298.0,307.6,1450,48.7,138,0
6689,L53868,L,301.7,311.0,1548,40.3,21,0
9746,L56925,L,298.8,310.0,1611,32.4,183,0
8348,L55527,L,298.7,309.6,1665,31.1,178,0
7543,M22402,M,300.4,311.6,1401,49.9,79,0
6172,L53351,L,300.8,310.6,1416,42.2,225,0
1980,H31393,H,298.0,307.6,1420,45.8,150,0
2430,L49609,L,298.9,308.3,1432,48.9,38,0
8006,L55185,L,300.8,312.0,1477,37.3,164,0
4908,M19767,M,303.6,312.5,1607,33.7,14,0
1203,M16062,M,297.0,308.1,1355,51.4,76,0
8049,L55228,L,300.6,311.9,1413,41.3,43,0
3428,L50607,L,301.6,310.6,1562,34.4,162,0
8225,L55404,L,299.1,310.5,1496,35.2,60,0
2879,H32292,H,300.5,309.4,1502,34.3,40,0
1367,M16226,M,298.7,310.1,1368,56.8,72,0
6847,M21706,M,301.2,311.5,1498,49.5,3,0
4824,L52003,L,303.5,311.9,1493,38.7,14,0
2587,L49766,L,299.0,308.7,1537,42.8,202,0
7943,L55122,L,300.8,311.7,1432,45.8,6,0
7327,M22186,M,299.9,310.5,1335,52.9,180,0
5742,M20601,M,302.3,311.7,1483,40.5,8,0
4030,H33443,H,302.0,310.9,1679,29.0,222,0
5518,L52697,L,302.6,311.9,1448,49.5,72,0
5994,M20853,M,300.7,310.6,1407,42.4,218,0
9148,L56327,L,297.7,308.7,1688,27.2,125,0
9791,L56970,L,298.6,309.5,1483,43.2,92,0
872,L48051,L,295.8,306.4,1339,53.2,67,0
7103,M21962,M,300.8,310.3,1494,42.2,35,0
887,L48066,L,295.7,306.2,1458,40.6,103,0
5516,H34929,H,302.7,312.0,1484,41.5,65,0
9674,M24533,M,299.0,310.1,1593,35.4,5,0
2382,L49561,L,299.1,308.2,1493,34.9,119,0
5979,L53158,L,300.5,310.6,1448,46.3,173,0
9672,L56851,L,299.0,310.2,1412,44.1,246,0
7234,L54413,L,299.9,310.0,1447,45.9,162,0
8098,L55277,L,300.3,311.7,1452,41.5,172,0
8687,M23546,M,297.2,308.5,1611,31.6,197,0
2288,L49467,L,299.4,308.6,1746,26.8,107,0
9818,M24677,M,298.5,309.3,1465,42.4,173,0
4684,L51863,L,303.6,311.8,1736,32.9,99,0
4010,L51189,L,302.2,311.2,1630,36.0,169,0
574,L47753,L,297.9,309.9,1472,45.0,183,0
9503,L56682,L,299.3,310.2,1495,49.2,16,0
6918,L54097,L,301.0,311.4,1481,37.5,193,0
6343,M21202,M,300.3,309.8,1444,42.0,3,0
2893,L50072,L,300.7,309.6,1329,54.3,80,0
3519,L50698,L,301.9,311.0,1376,44.9,186,0
10,M14869,M,298.5,309.0,1741,28.0,21,0
2633,M17492,M,300.0,309.7,1652,28.6,112,0
4062,L51241,L,301.9,310.8,1906,21.7,62,0
1242,M16101,M,297.1,308.5,1621,32.4,194,0
5110,M19969,M,304.0,313.4,1389,45.8,123,0
8935,L56114,L,297.3,308.2,1601,35.7,9,0
2139,L49318,L,299.3,309.0,1734,30.6,154,0
6339,L53518,L,300.4,309.9,1681,28.6,206,0
1155,L48334,L,296.9,307.9,1626,29.9,177,0
7357,L54536,L,299.6,310.2,1333,51.2,40,0
3972,H33385,H,302.2,311.4,1625,35.4,70,0
9227,L56406,L,298.0,309.1,1822,23.5,122,0
8949,M23808,M,297.4,308.3,1483,41.9,47,0
5065,L52244,L,304.0,313.0,1407,42.1,5,0
2504,L49683,L,299.2,309.0,1408,47.2,0,0
3780,L50959,L,302.3,311.0,1657,31.1,3,0
9479,L56658,L,298.8,309.6,1890,24.0,173,0
32,L47211,L,299.0,309.4,1798,25.5,89,0
3400,L50579,L,301.4,310.7,1605,34.2,94,0
1064,M15923,M,296.8,307.8,1664,32.8,142,0
7257,H36670,H,300.2,310.3,1408,42.5,0,0
8868,L56047,L,297.9,308.9,1566,41.9,50,0
5113,M19972,M,304.1,313.6,1441,43.7,131,0
9681,L56860,L,299.1,310.1,1894,24.2,22,0
9117,H38530,H,297.6,308.7,1659,32.1,49,0
5471,M20330,M,302.7,312.2,1585,35.5,167,0
1480,L48659,L,298.2,309.3,1355,43.8,142,0
6739,H36152,H,301.8,311.1,1463,50.1,149,0
7367,H36780,H,299.6,310.1,1531,36.8,62,0
626,L47805,L,298.3,310.1,1545,36.3,90,0
1956,L49135,L,297.9,307.7,1308,55.2,87,0
4964,L52143,L,303.9,312.7,1789,24.4,163,0
2367,L49546,L,299.3,308.5,1485,44.7,78,0
769,L47948,L,296.9,308.0,1713,29.3,13,0
9178,L56357,L,297.9,309.1,1504,43.0,4,0
7606,H37019,H,300.4,311.3,2026,20.3,26,0
1608,L48787,L,297.8,307.8,1412,48.3,27,0
8862,L56041,L,297.9,309.1,1619,34.7,33,0
4352,L51531,L,301.8,309.6,1432,43.7,138,0
4550,L51729,L,302.6,310.6,1549,37.5,199,0
5323,M20182,M,303.4,312.7,1357,55.3,31,0
667,L47846,L,297.5,309.0,1470,43.5,191,0
6799,L53978,L,301.2,310.7,1676,32.4,98,0
8120,L55299,L,300.3,311.7,1333,55.2,18,0
3043,M17902,M,300.2,309.4,1459,43.9,39,0
63,L47242,L,298.8,309.0,1829,22.9,172,0
5153,L52332,L,304.3,313.5,2643,12.7,21,0
2841,H32254,H,300.4,309.4,1487,38.9,185,0
9926,M24785,M,298.5,308.7,1367,47.3,47,0
6522,L53701,L,301.1,310.1,1666,27.2,40,0
9309,L56488,L,298.4,309.1,1423,48.0,135,0
7872,L55051,L,300.6,312.2,1308,54.7,52,0
7975,L55154,L,301.2,312.3,1528,38.4,85,0
1222,M16081,M,297.0,308.3,1399,46.4,132,0
6842,M21701,M,301.1,311.2,1591,35.0,208,0
2058,L49237,L,299.5,309.3,1520,42.3,149,0
9895,L57074,L,298.9,309.5,1645,31.1,169,0
6547,M21406,M,301.4,310.8,1530,39.9,107,0
3327,L50506,L,301.5,310.6,1962,20.2,124,0
5746,L52925,L,302.1,311.5,1987,20.1,21,0
3438,L50617,L,301.5,310.5,2297,15.8,191,0
613,L47792,L,298.1,309.9,1563,32.8,51,0
1889,M16748,M,297.8,307.4,1902,24.3,129,0
3820,L50999,L,302.2,310.7,1567,36.4,100,0
9673,H39086,H,299.0,310.2,1744,31.5,0,0
3432,L50611,L,301.6,310.7,1429,43.6,176,0
7962,L55141,L,301.0,312.2,1264,59.0,57,0
3964,H33377,H,302.3,311.5,1526,38.2,47,0
4109,L51288,L,301.9,310.5,1892,21.8,177,0
9102,H38515,H,297.3,308.2,1653,31.4,9,0
7719,H37132,H,300.6,311.7,1427,44.6,87,0
9603,L56782,L,298.9,310.2,1705,32.5,63,0
5188,L52367,L,304.0,313.1,1648,35.7,119,0
4273,L51452,L,302.5,310.8,1577,36.9,158,0
201,L47380,L,298.4,308.6,1609,35.0,103,0
7810,M22669,M,300.0,311.4,1537,35.4,120,0
6587,L53766,L,301.5,310.6,1453,44.0,208,0
3213,L50392,L,300.3,309.2,1649,32.4,50,0
6609,M21468,M,301.5,310.4,1593,36.8,50,0
2272,L49451,L,299.2,308.5,1821,26.1,69,0
4219,M19078,M,302.0,310.6,1479,40.5,24,0
5633,L52812,L,302.7,312.2,1376,52.8,164,0
8650,L55829,L,297.4,308.4,1328,61.8,98,0
8325,M23184,M,298.7,309.5,1394,46.0,113,0
3884,M18743,M,302.4,311.4,1534,40.1,41,0
3078,L50257,L,300.1,309.3,1841,23.0,125,0
4956,M19815,M,303.8,312.5,1366,45.1,143,0
3700,L50879,L,302.2,311.2,1649,33.2,9,0
1327,L48506,L,298.9,310.2,1411,46.5,202,0
2375,M17234,M,299.2,308.4,1538,38.0,98,0
630,L47809,L,298.3,310.1,1523,45.9,99,0
757,L47936,L,296.8,308.0,1584,40.4,227,0
2289,M17148,M,299.4,308.6,1541,39.1,109,0
7842,L55021,L,300.1,311.5,1471,47.2,201,0
4394,M19253,M,302.2,310.1,1572,34.6,17,0
4466,L51645,L,302.8,310.6,1404,43.2,203,0
7487,L54666,L,300.3,311.7,1635,31.8,156,0
2586,M17445,M,299.0,308.7,1620,35.4,199,0
6623,L53802,L,301.7,310.7,1493,51.1,87,0
3516,M18375,M,301.9,311.1,1605,40.0,179,0
2843,L50022,L,300.3,309.3,1345,53.5,192,0
8310,M23169,M,298.7,310.0,1459,40.2,69,0
2287,M17146,M,299.4,308.7,1289,60.5,104,0
3145,M18004,M,300.6,310.0,1478,36.3,95,0
4290,M19149,M,301.8,310.0,1781,23.9,198,0
7031,L54210,L,300.7,310.8,1772,27.3,69,0
6588,M21447,M,301.6,310.7,1813,24.6,210,0
7208,M22067,M,299.7,309.6,1540,34.4,91,0
588,H30001,H,297.6,309.5,1623,33.1,224,0
8135,L55314,L,299.7,311.1,1650,32.4,60,0
8074,L55253,L,300.5,312.0,1558,36.7,113,0
1525,L48704,L,298.2,309.0,1601,35.8,43,0
95,L47274,L,299.0,308.9,1622,31.9,42,0
7698,L54877,L,300.5,311.4,1400,45.1,29,0
4529,L51708,L,302.5,310.5,1507,39.5,147,0
7052,L54231,L,300.6,310.4,1556,37.7,122,0
6573,L53752,L,301.4,310.7,1428,53.7,176,0
9029,L56208,L,297.4,308.3,1395,48.7,21,0
7514,L54693,L,300.4,311.8,2261,14.9,5,0
1399,L48578,L,299.1,310.3,1472,46.6,157,0
1888,M16747,M,297.9,307.5,1642,32.4,126,0
1415,M16274,M,298.7,309.8,1570,42.1,200,0
8836,H38249,H,297.4,308.8,1324,53.5,169,0
717,H30130,H,297.4,308.6,1420,45.8,120,0
7774,L54953,L,300.3,311.4,1759,24.8,34,0
4589,L51768,L,302.8,311.0,1564,38.5,85,0
6803,M21662,M,301.1,310.7,1621,31.0,108,0
6326,L53505,L,300.7,310.1,1721,32.3,170,0
2518,L49697,L,298.8,308.5,1395,44.4,33,0
5932,L53111,L,300.3,310.4,1336,54.4,52,0
4853,L52032,L,303.7,312.2,1619,34.9,92,0
8053,L55232,L,300.5,311.9,1403,45.7,54,0
4976,L52155,L,303.7,312.7,1426,45.5,192,0
5883,L53062,L,301.4,311.1,1469,36.9,133,0
4899,H34312,H,303.6,312.4,1460,53.7,214,0
4070,M18929,M,301.9,310.7,1405,47.9,80,0
7541,M22400,M,300.2,311.3,1587,31.2,73,0
4631,L51810,L,302.9,311.2,1751,23.8,196,0
4819,M19678,M,303.6,312.1,1967,20.9,2,0
2238,L49417,L,299.3,308.6,1403,50.6,189,0
1737,L48916,L,298.4,307.9,1544,35.9,132,0
2296,L49475,L,299.4,308.7,1512,37.2,126,0
4108,L51287,L,302.0,310.5,1809,27.1,175,0
9921,H39334,H,298.5,308.7,1450,43.9,28,0
2996,L50175,L,300.5,309.8,1550,37.4,148,0
2873,L50052,L,300.8,309.6,1680,28.7,22,0
8992,M23851,M,297.3,308.0,1598,29.4,148,0
3624,M18483,M,302.0,311.3,1530,36.4,27,0
8911,L56090,L,297.1,308.4,1550,37.0,167,0
6399,L53578,L,300.1,309.7,1351,58.2,155,0
2387,L49566,L,299.1,308.4,1543,37.9,130,0
8429,M23288,M,299.0,310.3,1827,28.0,178,0
3773,L50952,L,302.4,311.1,1448,44.8,195,0
556,M15415,M,297.4,309.4,1539,42.2,134,0
9745,L56924,L,298.8,310.1,1574,36.2,181,0
6144,M21003,M,301.0,310.9,1575,34.6,150,0
6736,L53915,L,301.6,311.0,1485,40.1,142,0
1053,L48232,L,296.7,307.7,1927,23.9,112,0
8866,L56045,L,297.9,309.0,1290,49.8,43,0
8672,L55851,L,297.5,308.8,1530,37.8,157,0
7936,M22795,M,300.8,311.9,1356,44.3,214,0
1239,M16098,M,297.1,308.4,1615,32.6,184,0
8566,L55745,L,298.0,308.8,1489,36.5,109,0
3558,M18417,M,301.8,310.7,1309,43.3,68,0
6311,L53490,L,300.9,310.1,2090,17.8,133,0
5721,L52900,L,302.3,311.9,1434,51.9,173,0
1788,L48967,L,298.4,308.2,1364,45.9,63,0
2822,M17681,M,300.3,309.6,1419,42.5,137,0
8126,L55305,L,300.2,311.4,1452,47.8,34,0
2324,M17183,M,299.2,308.7,1401,47.0,198,0
7024,M21883,M,300.7,310.6,1572,38.5,50,0
1385,L48564,L,298.9,310.3,1484,43.8,124,0
8087,L55266,L,300.2,311.4,1463,37.5,145,0
7672,M22531,M,300.5,311.6,1456,51.1,193,0
6381,L53560,L,300.2,309.8,1430,55.0,102,0
4517,L51696,L,302.5,310.3,1539,39.0,119,0
5541,L52720,L,302.4,311.8,1493,38.4,132,0
882,L48061,L,295.7,306.2,1464,46.2,92,0
4031,L51210,L,302.0,310.8,2143,17.3,227,0
2360,L49539,L,299.3,308.5,1413,38.5,57,0
6131,L53310,L,301.0,310.9,1473,44.2,116,0
5954,M20813,M,300.7,310.9,1486,38.9,106,0
2602,L49781,L,299.3,309.1,1399,52.1,27,0
2926,M17785,M,300.7,309.6,1388,51.1,160,0
3833,M18692,M,302.2,310.9,1465,43.5,140,0
2379,L49558,L,299.1,308.2,1348,56.1,110,0
461,H29874,H,297.3,308.6,1431,42.0,109,0
5303,L52482,L,303.9,313.1,1491,37.2,195,0
1529,L48708,L,298.1,309.0,1559,34.0,54,0
4148,L51327,L,301.9,310.3,1398,44.0,65,0
1265,M16124,M,297.8,309.3,2243,15.7,36,0
3446,M18305,M,301.6,310.6,1599,36.1,208,0
4871,M19730,M,303.7,312.4,1631,28.5,132,0
2122,M16981,M,299.2,308.8,1503,37.4,109,0
8533,L55712,L,298.6,309.4,1315,55.5,28,0
4879,L52058,L,303.7,312.4,1348,51.0,152,0
5938,M20797,M,300.6,310.5,1462,41.3,68,0
2457,L49636,L,299.1,308.6,1555,36.6,104,0
5671,L52850,L,302.2,311.5,1424,45.2,39,0
9953,L57132,L,298.2,307.8,1429,46.9,117,0
7589,L54768,L,300.4,311.1,2013,20.1,195,0
8453,M23312,M,298.6,310.0,1512,37.5,27,0
1575,L48754,L,298.2,308.2,1478,50.1,166,0
7997,M22856,M,301.0,312.2,1499,41.5,140,0
8752,M23611,M,297.4,308.5,1472,42.0,150,0
4676,H34089,H,303.5,311.5,1629,33.5,73,0
470,M15329,M,297.3,308.8,1586,32.7,131,0
4330,L51509,L,301.6,310.0,1566,30.3,79,0
4479,L51658,L,302.5,310.2,1477,41.6,16,0
669,L47848,L,297.5,308.9,1738,24.0,195,0
4332,M19191,M,301.6,309.9,1746,31.1,83,0
7285,M22144,M,300.1,310.3,1345,57.1,71,0
2790,H32203,H,300.3,309.5,1438,44.0,59,0
3068,L50247,L,300.1,309.2,1533,37.0,101,0
8369,L55548,L,298.9,309.8,1534,42.1,23,0
6881,M21740,M,300.9,311.3,1801,24.6,100,0
7309,L54488,L,300.0,310.4,1333,49.1,131,0
1810,L48989,L,298.1,307.7,1767,27.0,127,0
2545,L49724,L,299.2,309.0,1951,21.4,102,0
3883,L51062,L,302.5,311.6,1419,43.7,39,0
6187,M21046,M,301.1,311.0,1413,46.6,30,0
8738,L55917,L,297.3,308.7,1556,36.7,114,0
2555,L49734,L,299.3,309.1,1531,37.9,127,0
82,L47261,L,298.9,308.9,1450,47.5,9,0
3687,L50866,L,302.0,311.1,1406,50.5,187,0
355,L47534,L,297.6,308.3,1658,34.3,59,0
3598,M18457,M,301.7,310.5,1724,33.0,171,0
2091,L49270,L,299.5,309.2,1393,47.3,20,0
2819,L49998,L,300.2,309.5,1729,28.4,131,0
1962,L49141,L,297.8,307.5,1448,51.2,107,0
6252,M21111,M,300.8,310.2,1598,36.5,195,0
5111,M19970,M,304.0,313.5,1732,26.2,126,0
4703,L51882,L,303.6,311.8,1222,66.8,148,1
1809,L48988,L,298.1,307.7,2567,12.8,125,1
2126,L49305,L,299.3,308.9,1258,69.4,119,1
3357,L50536,L,301.6,310.8,1355,57.8,195,1
9655,L56834,L,299.1,310.0,1367,56.3,203,1
9017,L56196,L,297.3,308.2,1396,52.7,212,1
9664,L56843,L,299.1,310.1,1435,48.8,229,1
4118,L51297,L,301.9,310.5,1340,55.7,204,1
4081,L51260,L,302.0,310.4,1357,58.0,108,1
2503,L49682,L,299.2,309.0,1515,48.9,228,1
604,L47783,L,297.9,309.8,1336,71.6,31,1
6341,H35754,H,300.5,309.9,1397,45.9,210,1
6079,L53258,L,300.8,310.7,1339,59.1,203,1
4226,L51405,L,302.1,310.7,1359,49.3,41,1
7688,M22547,M,300.7,311.7,2097,18.9,232,1
260,M15119,M,298.1,308.2,1420,63.9,19,1
4779,H34192,H,303.6,312.2,1371,54.6,112,1
9654,L56833,L,299.0,309.9,1373,55.7,201,1
2762,L49941,L,299.8,309.3,1299,65.1,212,1
4362,M19221,M,302.1,310.1,1379,48.2,166,1
4619,M19478,M,303.0,311.3,1335,53.6,164,1
3866,H33279,H,302.6,311.5,1629,34.4,228,1
4436,L51615,L,302.3,310.1,1321,52.7,134,1
4171,M19030,M,302.2,310.6,1355,51.5,126,1
4390,M19249,M,302.1,310.0,1355,45.1,6,1
8609,L55788,L,297.4,308.4,1369,50.6,220,1
4732,L51911,L,303.3,311.6,1301,45.1,219,1
7510,L54689,L,300.6,311.9,1372,60.1,212,1
4566,H33979,H,302.7,310.8,1275,55.0,25,1
4557,M19416,M,302.7,310.6,1349,51.2,6,1
2427,M17286,M,298.9,308.2,1372,63.6,30,1
4845,M19704,M,303.4,311.8,1316,50.9,69,1
4633,M19492,M,302.9,311.2,1330,53.7,200,1
4476,L51655,L,302.7,310.5,1351,41.8,10,1
1096,L48275,L,296.9,307.5,2721,9.3,18,1
3944,L51123,L,302.3,311.4,1333,66.7,205,1
9085,L56264,L,297.2,307.9,1326,75.4,172,1
4511,L51690,L,302.4,310.2,1346,62.4,106,1
1124,H30537,H,296.6,307.7,1386,62.3,100,1
4771,L51950,L,303.5,311.9,1344,49.3,93,1
4662,L51841,L,303.3,311.3,1350,48.1,32,1
4502,L51681,L,302.5,310.2,1307,54.0,86,1
3267,L50446,L,301.3,310.1,1269,56.8,195,1
4392,M19251,M,302.2,310.1,1368,51.6,12,1
7537,L54716,L,300.1,311.3,2579,12.5,64,1
3761,L50940,L,302.3,310.9,1377,46.8,166,1
5401,L52580,L,302.7,312.4,1477,46.3,251,1
7760,L54939,L,300.4,311.8,1272,59.2,198,1
4212,L51391,L,302.1,310.7,1314,52.8,8,1
7850,M22709,M,300.3,311.7,1374,47.9,222,1
4208,M19067,M,302.3,310.9,1710,30.4,218,1
6173,L53352,L,300.8,310.6,1577,37.9,227,1
51,L47230,L,298.9,309.1,2861,4.6,143,1
4749,L51928,L,303.2,311.2,1363,46.7,29,1
2865,H32278,H,300.6,309.4,1380,47.6,246,1
3351,L50530,L,301.4,310.8,1285,62.6,183,1
4728,M19587,M,303.4,311.8,1341,47.0,210,1
4097,L51276,L,301.9,310.4,1370,51.7,153,1
8112,M22971,M,300.4,311.8,1553,33.1,209,1
2234,L49413,L,299.5,308.7,2549,13.0,179,1
4297,L51476,L,301.8,310.2,2825,5.8,215,1
5335,M20194,M,303.4,312.6,2706,9.8,65,1
4356,H33769,H,302.0,309.8,1280,57.3,147,1
9176,L56355,L,297.8,309.0,1403,64.2,0,1
4121,M18980,M,302.1,310.7,1376,46.3,210,1
8610,L55789,L,297.4,308.3,1475,40.5,222,1
1785,L48964,L,298.3,308.0,2886,3.8,57,1
1997,M16856,M,298.4,308.0,1416,38.2,198,1
4154,M19013,M,302.0,310.4,1212,55.6,79,1
2582,L49761,L,299.2,309.1,1345,60.7,191,1
4185,L51364,L,302.2,310.6,1334,53.2,159,1
9759,L56938,L,298.6,309.8,2271,16.2,218,1
1790,L48969,L,298.2,307.9,1313,67.3,67,1
5142,L52321,L,304.4,313.7,1509,35.0,205,1
6925,L54104,L,301.2,311.6,1461,52.9,208,1
4088,L51267,L,301.9,310.4,1376,54.9,126,1
6679,M21538,M,301.5,310.7,1336,65.6,0,1
3794,L50973,L,302.3,310.9,1379,49.3,34,1
4082,L51261,L,302.0,310.4,1336,58.2,110,1
249,L47428,L,298.0,308.3,1362,56.8,216,1
6420,H35833,H,300.3,309.9,1394,46.7,210,1
1335,L48514,L,299.0,310.4,1365,49.1,226,1
1168,L48347,L,297.0,308.1,1362,52.5,213,1
3936,M18795,M,302.6,311.6,1227,68.2,187,1
9823,L57002,L,298.5,309.4,1360,60.9,187,1
4003,L51182,L,302.1,311.2,1454,59.2,153,1
3458,M18317,M,301.5,310.4,2639,12.0,21,1
927,L48106,L,295.6,306.1,1372,55.6,215,1
7757,L54936,L,300.5,311.8,1368,57.9,191,1
2167,M17026,M,299.6,309.2,1867,23.4,225,1
3696,L50875,L,302.2,311.3,1530,37.3,207,1
4837,L52016,L,303.3,311.8,1315,62.0,42,1
5489,L52668,L,302.7,312.2,1450,52.1,213,1
4652,L51831,L,303.2,311.4,1349,51.1,9,1
1764,L48943,L,298.2,307.6,1511,31.0,209,1
4131,L51310,L,301.9,310.4,1286,62.8,22,1
4250,L51429,L,302.5,310.9,1330,56.9,97,1
5049,H34462,H,304.0,313.2,1271,68.6,161,1
4730,L51909,L,303.4,311.8,1306,61.0,215,1
4308,L51487,L,301.4,309.9,1259,63.9,20,1
5910,H35323,H,300.7,310.2,1364,65.3,208,1
1163,L48342,L,296.9,307.8,1400,57.1,202,1
3001,H32414,H,300.5,309.8,1324,72.8,159,1
4481,H33894,H,302.7,310.4,1305,55.2,20,1
6526,L53705,L,301.1,310.4,1312,73.6,49,1
4035,L51214,L,302.0,310.8,1615,29.0,235,1
1392,L48571,L,298.9,310.2,2737,8.8,142,1
4079,H33492,H,302.1,310.7,1294,62.4,101,1
78,L47257,L,298.8,308.9,1455,41.3,208,1
8583,M23442,M,297.5,308.1,1334,72.0,151,1
4937,L52116,L,303.5,312.4,1284,70.6,94,1
4271,L51450,L,302.6,310.9,1331,52.0,154,1
9665,L56844,L,299.1,310.2,1317,54.8,231,1
4449,L51628,L,302.4,310.3,1374,51.2,163,1
243,L47422,L,298.0,308.2,1348,58.8,202,1
2750,M17609,M,299.7,309.2,1685,28.9,179,1
8358,L55537,L,298.5,309.5,1385,46.3,203,1
4528,M19387,M,302.4,310.5,1372,45.7,144,1
8200,L55379,L,299.2,310.7,1737,27.0,225,1
4252,H33665,H,302.5,310.9,1356,55.5,101,1
9614,L56793,L,299.0,310.2,1377,62.5,92,1
2333,L49512,L,299.2,308.5,1378,50.4,220,1
3612,L50791,L,301.7,310.9,1405,46.4,207,1
7565,M22424,M,300.3,311.2,1381,65.2,136,1
1497,L48676,L,298.0,308.7,1268,69.4,189,1
70,L47249,L,298.9,309.0,1410,65.7,191,1
9019,L56198,L,297.3,308.1,1615,35.4,217,1
4721,M19580,M,303.4,311.7,1353,44.1,192,1
4989,L52168,L,303.8,313.1,2497,13.0,5,1
5395,M20254,M,302.8,312.3,1262,70.5,234,1
4371,L51550,L,302.0,309.9,1308,57.6,197,1
8927,M23786,M,297.3,308.3,1459,59.6,207,1
2016,L49195,L,298.5,308.2,1301,66.3,42,1
1325,M16184,M,298.8,310.1,1243,74.5,194,1
161,L47340,L,298.4,308.2,1282,60.7,216,1
4832,L52011,L,303.5,312.0,1366,54.5,30,1
2672,M17531,M,299.7,309.3,1399,41.9,221,1
4254,M19113,M,302.6,311.0,1329,48.6,111,1
2495,L49674,L,299.1,308.8,1329,53.6,207,1
4817,L51996,L,303.4,312.0,1521,35.9,215,1
4612,L51791,L,303.0,311.3,1365,56.2,146,1
3529,L50708,L,302.0,310.9,1378,53.1,212,1
3855,L51034,L,302.4,311.0,1338,67.6,194,1
4724,L51903,L,303.4,311.8,1366,50.9,200,1
4156,L51335,L,302.0,310.5,1370,44.4,85,1
3815,M18674,M,302.1,310.6,1326,59.1,88,1
1834,L49013,L,297.8,307.3,1327,61.0,186,1
747,L47926,L,296.8,308.1,1289,62.0,199,1
4280,L51459,L,302.0,310.1,1361,45.4,174,1
6154,L53333,L,301.0,311.1,1236,64.4,177,1
4286,L51465,L,301.7,309.9,1317,49.0,187,1
5942,L53121,L,300.6,310.7,1438,48.5,78,1
2859,L50038,L,300.5,309.3,1417,51.5,231,1
6498,L53677,L,300.8,309.9,1312,65.3,192,1
443,L47622,L,297.4,308.5,1399,61.5,61,1
1088,H30501,H,296.9,307.8,1549,35.8,206,1
4602,M19461,M,303.0,311.1,1372,54.3,117,1
4283,L51462,L,301.9,309.9,1374,48.5,180,1
4740,L51919,L,303.2,311.4,1351,53.8,8,1
4998,M19857,M,303.6,312.8,2659,11.4,26,1
9975,L57154,L,298.6,308.2,1361,68.2,172,1
1438,H30851,H,298.8,309.9,1439,45.2,40,1
162,L47341,L,298.3,308.1,1412,52.3,218,1
5062,L52241,L,304.0,312.9,1363,62.5,200,1
9577,L56756,L,299.6,310.7,1922,23.3,205,1
6991,L54170,L,300.7,311.1,2478,13.4,170,1
169,L47348,L,298.4,308.3,1433,62.3,20,1
3141,H32554,H,300.4,309.9,2563,12.8,81,1
4644,L51823,L,303.2,311.4,1324,54.2,228,1
3868,M18727,M,302.7,311.6,2709,9.7,2,1
1017,M15876,M,296.3,307.2,1319,68.3,24,1
5616,M20475,M,303.0,312.2,1257,71.3,122,1
4977,L52156,L,303.7,312.7,1359,56.8,194,1
4255,L51434,L,302.6,311.0,1284,68.0,114,1
4354,M19213,M,302.0,309.7,1386,62.7,142,1
7570,L54749,L,300.2,311.0,1255,71.8,149,1
4122,M18981,M,302.1,310.7,1364,47.8,213,1
4760,L51939,L,303.5,311.6,1361,46.5,62,1
4141,L51320,L,301.7,310.2,1331,61.2,47,1
1493,M16352,M,298.0,308.7,1479,58.5,176,1
6800,M21659,M,301.1,310.7,2636,12.2,100,1
5707,L52886,L,302.4,311.9,1290,70.0,139,1
4152,M19011,M,301.9,310.4,1373,48.0,73,1
4622,L51801,L,303.0,311.2,1341,51.0,174,1
4470,L51649,L,302.7,310.5,1446,40.9,211,1
3580,L50759,L,301.8,310.6,2672,11.8,124,1
1683,H31096,H,297.9,307.4,1604,36.1,225,1
4738,M19597,M,303.2,311.5,1336,58.2,2,1
7764,L54943,L,300.4,311.6,1200,76.6,3,1
8193,L55372,L,299.6,310.9,1229,65.2,209,1
4719,L51898,L,303.3,311.6,1337,56.8,187,1
9831,L57010,L,298.3,309.3,1337,56.1,206,1
208,M15067,M,298.4,308.7,1421,60.7,119,1
7670,L54849,L,300.7,311.8,1336,58.4,189,1
2880,M17739,M,300.6,309.4,1367,63.2,45,1
4180,L51359,L,302.4,310.9,1349,46.1,148,1
9175,L56354,L,297.8,308.9,1871,25.6,200,1
4763,M19622,M,303.7,312.0,2663,11.4,71,1
4852,L52031,L,303.7,312.1,1363,51.8,90,1
8246,M23105,M,299.0,310.3,1303,68.6,111,1
4072,L51251,L,301.9,310.6,1331,68.6,85,1
4815,L51994,L,303.4,311.8,1401,53.0,208,1
4769,L51948,L,303.6,312.0,1309,52.9,86,1
8438,L55617,L,298.7,309.8,1181,65.9,203,1
7281,L54460,L,299.9,310.2,1288,69.6,62,1
904,L48083,L,295.7,306.2,2270,14.6,149,1
6160,L53339,L,301.0,311.0,1399,58.0,190,1
4120,L51299,L,302.1,310.7,1325,45.1,208,1
4670,M19529,M,303.3,311.5,1373,47.3,60,1
381,L47560,L,297.5,308.3,2564,12.8,127,1
4033,L51212,L,302.0,310.8,1383,50.3,231,1
1584,L48763,L,298.2,308.4,1310,61.0,189,1
848,L48027,L,296.4,307.4,2833,5.6,213,1
4580,L51759,L,303.0,311.2,1374,48.2,65,1
4165,L51344,L,302.2,310.6,1346,47.5,109,1
8308,M23167,M,298.7,310.1,1402,69.7,64,1
4329,L51508,L,301.6,310.1,1326,48.2,77,1
4643,L51822,L,303.2,311.4,1238,54.6,226,1
1162,L48341,L,297.0,307.8,1316,61.2,200,1
8847,M23706,M,297.4,308.8,1325,62.4,204,1
2245,M17104,M,299.3,308.4,1542,37.5,203,1
6179,L53358,L,301.1,310.9,1282,67.9,10,1
6257,L53436,L,301.0,310.6,1493,37.8,206,1
4183,L51362,L,302.4,310.7,1362,54.8,155,1
4463,L51642,L,302.7,310.5,1263,67.8,197,1
4174,M19033,M,302.2,310.6,1346,49.2,134,1
4601,L51780,L,303.0,311.0,1359,44.2,115,1
6674,L53853,L,301.6,310.7,1380,51.8,216,1
4410,M19269,M,302.4,310.1,1358,54.6,61,1
1510,L48689,L,298.0,308.5,1429,37.7,220,1
3020,L50199,L,300.5,309.8,1379,54.2,207,1
1145,L48324,L,297.0,307.9,1296,69.1,153,1
4537,L51716,L,302.4,310.2,1351,45.1,168,1
7511,L54690,L,300.5,311.8,1524,38.9,214,1
4762,H34175,H,303.7,311.9,1332,52.7,66,1
4406,L51585,L,302.4,310.2,1331,45.5,53,1
4450,M19309,M,302.4,310.3,1378,54.3,165,1
9415,L56594,L,298.1,308.6,1354,53.9,207,1
8027,L55206,L,300.7,311.9,1399,50.2,222,1
5310,M20169,M,303.9,313.2,1422,48.0,215,1
6479,L53658,L,300.5,309.8,1663,29.1,145,1
4545,L51724,L,302.5,310.4,1349,55.1,187,1
4259,M19118,M,302.7,311.1,1297,60.7,125,1
5735,L52914,L,302.3,311.8,1369,56.2,208,1
9494,L56673,L,299.1,309.8,1398,55.4,217,1
8399,L55578,L,298.5,309.7,2617,12.1,102,1
7084,L54263,L,300.7,310.4,1416,61.8,209,1
5220,L52399,L,303.8,313.0,1365,59.9,205,1
3807,M18666,M,302.3,310.9,1360,44.0,67,1
5400,H34813,H,302.8,312.4,1411,53.8,246,1
7998,M22857,M,301.0,312.2,2710,9.7,143,1
3370,L50549,L,301.5,310.9,2760,8.0,15,1
7594,L54773,L,300.5,311.2,1270,67.5,208,1
7427,M22286,M,300.0,311.4,1692,29.0,216,1
250,L47429,L,298.0,308.3,1405,56.2,218,1
2332,L49511,L,299.3,308.6,1384,53.6,218,1
4985,L52164,L,303.8,313.1,1256,58.7,213,1
2076,L49255,L,299.5,309.4,1390,58.8,195,1
8196,L55375,L,299.4,310.8,1376,53.9,215,1
6249,L53428,L,300.8,310.1,1405,61.2,189,1
5618,L52797,L,303.1,312.4,1404,61.5,127,1
1336,L48515,L,299.0,310.4,1371,53.8,228,1
6025,L53204,L,300.7,310.9,1356,65.3,66,1
4621,L51800,L,303.1,311.3,1336,52.6,172,1
4559,L51738,L,302.7,310.7,1369,47.5,11,1
4571,L51750,L,302.8,310.9,1312,52.2,40,1
2599,L49778,L,299.1,308.8,1320,67.5,20,1
4384,L51563,L,301.7,309.5,1298,65.5,229,1
1420,L48599,L,298.7,309.8,1354,53.3,212,1
4418,L51597,L,302.6,310.4,1365,66.8,80,1
4422,L51601,L,302.6,310.2,1325,62.4,92,1
328,L47507,L,297.7,308.5,1373,56.7,203,1
4921,L52100,L,303.4,312.2,1337,69.4,52,1
4401,L51580,L,302.3,310.1,1353,50.9,36,1
4834,L52013,L,303.4,311.9,1377,41.6,34,1
1125,M15984,M,296.7,307.8,1258,69.0,105,1
7885,L55064,L,300.8,312.4,1465,59.1,91,1
4045,M18904,M,301.9,310.9,1419,47.7,20,1
4407,L51586,L,302.5,310.3,1326,58.5,55,1
1596,L48775,L,298.0,308.2,1365,52.9,218,1
5537,M20396,M,302.3,311.8,1363,54.0,119,1
4756,L51935,L,303.4,311.7,1295,51.3,51,1
9765,L56944,L,298.5,309.5,1294,66.7,12,1
6619,M21478,M,301.6,310.6,1309,65.8,75,1
587,L47766,L,297.6,309.6,1501,49.8,222,1
4139,L51318,L,301.7,310.2,1311,57.4,40,1
6933,L54112,L,300.8,311.4,1322,67.2,18,1
3530,L50709,L,301.9,310.9,1567,39.0,214,1
9660,L56839,L,298.9,309.8,1287,61.9,216,1
4647,L51826,L,303.3,311.4,1497,46.0,234,1
3685,L50864,L,302.0,311.2,1270,65.3,182,1
1086,L48265,L,297.0,307.8,1385,56.4,202,1
3788,L50967,L,302.3,310.8,1377,47.3,22,1
2300,L49479,L,299.4,308.7,1446,62.9,134,1
2445,L49624,L,299.2,308.6,1267,68.2,76,1
7088,L54267,L,300.6,310.3,1648,30.5,217,1
4420,M19279,M,302.6,310.2,2676,10.8,84,1
4158,L51337,L,302.0,310.5,1263,60.6,90,1
4293,M19152,M,301.8,310.1,2372,13.9,205,1
9668,L56847,L,299.2,310.3,1352,48.9,238,1
